ProfileId,CarName,MakeId,RootId,ModelId,VersionId,Url,FrontImagePath,InquiryId,Seller,PhotoCount,Price,PriceNumeric,Km,KmNumeric,MakeYear,MakeMonth,MakeName,RootName,ModelName,VersionName,MaskingName,Color,Fuel,AdditionalFuel,GearBox,SellerNote,VideoCount,OfferStartDate,OfferEndDate,LastUpdatedOn,AreaName,CityName,CityId,StateName,CertifiedLogoUrl,NoOfOwners,OwnerTypeId,IsPremium,IsHotDeal,Emi,EmiFormatted,FinanceUrlText,AbsureWarranty,AbsureScore,FinanceUrl,MakeMapping,RootMapping,ApiFlag,SortScore,MaskingNumber,SellerName,SellerContact,HostUrl,OriginalImgPath,CertificationId,InspectionText,HasWarranty,DealerQuickBloxId,SubSegmentID,VersionSubSegmentID,BodyStyleId,NBCityStripId,DeliveryText,DeliveryCity,NearbyCityText,IsPremiumPackage,IsNearbyCityListing,CertificationScore,Responses,IsEligibleForFinance,ResponsesText,MfgDate,ValuationUrl
D1477391,Toyota Etios GD,17,122,765,2247,/used/cars-in-chennai/toyota-etios-2010-2013-d1477391/,,1477391,Dealer,9,5.50L,550000,"58,449",58449,2012,10,Toyota,Etios,Etios [2010-2013],GD,etios-2010-2013,Maroon,Diesel,,Manual,GOOD,0,,,13 day(s) ago,Ashok Nagar,Chennai,176,Tamil Nadu,/AutoBiz/Certifications/,First Owner ,1,True,False,11122.0,"₹ 11,122",Get Instant Loan Approval,,0,https://www.cartrade.com/used-car-finance-cw/D1477391/step1?makeid=17&modelid=765&mfgyear=2012&cityid=176&price=550000&owner=1&mfgmonth=10,17~Toyota,122~Etios~17~False,,18.7521991729736,,Aara Cars,,https://imgd.aeplcdn.com/,/cw/ucp/stockApiImg/0Y955RV_1201911_1_9115715.jpeg,600,,False,-1,4,5,1,,,0,,True,False,4.0,4,True,,2012-10-01T00:00:00,/used/valuation/report/?car=2247&year=2012&city=176&askingPrice=550000&owner=1
D1471040,Toyota Innova 2.5 GX 7 STR BS-III,17,172,59,3178,/used/cars-in-chennai/toyota-innova-2013-2014-d1471040/,,1471040,Dealer,9,13.25L,1325000,"54,468",54468,2014,3,Toyota,Innova,Innova [2013-2014],2.5 GX 7 STR BS-III,innova-2013-2014,Maroon,Diesel,,Manual,Good,0,,,20 day(s) ago,Habibullah Road,Chennai,176,Tamil Nadu,/AutoBiz/Certifications/,First Owner ,1,True,False,26793.0,"₹ 26,793",Get Instant Loan Approval,,0,https://www.cartrade.com/used-car-finance-cw/D1471040/step1?makeid=17&modelid=59&mfgyear=2014&cityid=176&price=1325000&owner=1&mfgmonth=3,17~Toyota,172~Innova~17~False,,18.7486000061035,,Jains Car Shopee,,https://imgd.aeplcdn.com/,/cw/ucp/stockApiImg/UBYGGK7_1195196_1_9049082.jpeg,600,,False,-1,7,7,6,,,0,,True,False,4.0,2,True,,2014-03-01T00:00:00,/used/valuation/report/?car=3178&year=2014&city=176&askingPrice=1325000&owner=1
D1477391,Toyota Etios GD,17,122,765,2247,/used/cars-in-chennai/toyota-etios-2010-2013-d1477391/,,1477391,Dealer,9,5.50L,550000,"58,449",58449,2012,10,Toyota,Etios,Etios [2010-2013],GD,etios-2010-2013,Maroon,Diesel,,Manual,GOOD,0,,,13 day(s) ago,Ashok Nagar,Chennai,176,Tamil Nadu,/AutoBiz/Certifications/,First Owner ,1,False,False,11122.0,"₹ 11,122",Get Instant Loan Approval,,0,https://www.cartrade.com/used-car-finance-cw/D1477391/step1?makeid=17&modelid=765&mfgyear=2012&cityid=176&price=550000&owner=1&mfgmonth=10,17~Toyota,122~Etios~17~False,,18.7521991729736,,Aara Cars,,https://imgd.aeplcdn.com/,/cw/ucp/stockApiImg/0Y955RV_1201911_1_9115715.jpeg,600,,False,-1,4,5,1,,,0,,True,False,4.0,4,True,,2012-10-01T00:00:00,/used/valuation/report/?car=2247&year=2012&city=176&askingPrice=550000&owner=1
D1471040,Toyota Innova 2.5 GX 7 STR BS-III,17,172,59,3178,/used/cars-in-chennai/toyota-innova-2013-2014-d1471040/,,1471040,Dealer,9,13.25L,1325000,"54,468",54468,2014,3,Toyota,Innova,Innova [2013-2014],2.5 GX 7 STR BS-III,innova-2013-2014,Maroon,Diesel,,Manual,Good,0,,,20 day(s) ago,Habibullah Road,Chennai,176,Tamil Nadu,/AutoBiz/Certifications/,First Owner ,1,False,False,26793.0,"₹ 26,793",Get Instant Loan Approval,,0,https://www.cartrade.com/used-car-finance-cw/D1471040/step1?makeid=17&modelid=59&mfgyear=2014&cityid=176&price=1325000&owner=1&mfgmonth=3,17~Toyota,172~Innova~17~False,,18.7486000061035,,Jains Car Shopee,,https://imgd.aeplcdn.com/,/cw/ucp/stockApiImg/UBYGGK7_1195196_1_9049082.jpeg,600,,False,-1,7,7,6,,,0,,True,False,4.0,2,True,,2014-03-01T00:00:00,/used/valuation/report/?car=3178&year=2014&city=176&askingPrice=1325000&owner=1
D1477488,Toyota Innova 2.5 G 8 STR BS-IV,17,172,59,2384,/used/cars-in-chennai/toyota-innova-2013-2014-d1477488/,,1477488,Dealer,9,13L,1300000,"51,174",51174,2014,6,Toyota,Innova,Innova [2013-2014],2.5 G 8 STR BS-IV,innova-2013-2014,Beige,Diesel,,Manual,good condition,0,,,11 day(s) ago,Ashok Nagar,Chennai,176,Tamil Nadu,/AutoBiz/Certifications/,First Owner ,1,False,False,26288.0,"₹ 26,288",Get Instant Loan Approval,,0,https://www.cartrade.com/used-car-finance-cw/D1477488/step1?makeid=17&modelid=59&mfgyear=2014&cityid=176&price=1300000&owner=1&mfgmonth=6,17~Toyota,172~Innova~17~False,,18.7462997436523,,Aara Cars,,https://imgd.aeplcdn.com/,/cw/ucp/stockApiImg/EXXJ4AK_1202007_1_9116785.jpeg,600,,False,-1,7,7,6,,,0,,True,False,4.1,18,True,,2014-06-01T00:00:00,/used/valuation/report/?car=2384&year=2014&city=176&askingPrice=1300000&owner=1
D1484318,Toyota Corolla Altis VL AT Petrol,17,353,577,3351,/used/cars-in-chennai/toyota-corolla-altis-2014-2017-d1484318/,,1484318,Dealer,9,14.50L,1450000,"44,416",44416,2015,10,Toyota,Corolla Altis,Corolla Altis [2014-2017],VL AT Petrol,corolla-altis-2014-2017,Grey,Petrol,,Automatic,GOOD,0,,,3 day(s) ago,Adyar,Chennai,176,Tamil Nadu,/AutoBiz/Certifications/,First Owner ,1,False,False,29321.0,"₹ 29,321",Get Instant Loan Approval,,0,https://www.cartrade.com/used-car-finance-cw/D1484318/step1?makeid=17&modelid=577&mfgyear=2015&cityid=176&price=1450000&owner=1&mfgmonth=10,17~Toyota,353~Corolla Altis~17~False,,18.7325992584228,,A and S Pre Owned Cars,,https://imgd.aeplcdn.com/,/cw/ucp/stockApiImg/6XRDHGM_1209314_1_9209147.jpeg,600,,False,-1,8,9,1,,,0,,True,False,4.2,0,True,,2015-10-01T00:00:00,/used/valuation/report/?car=3351&year=2015&city=176&askingPrice=1450000&owner=1
D1474219,Toyota Fortuner 3.0 4x2 MT,17,135,245,2369,/used/cars-in-chennai/toyota-fortuner-2012-2016-d1474219/,,1474219,Dealer,9,20L,2000000,"44,288",44288,2014,9,Toyota,Fortuner,Fortuner [2012-2016],3.0 4x2 MT,fortuner-2012-2016,Gold,Diesel,,Manual,GOOD,0,,,17 day(s) ago,Ashok Nagar,Chennai,176,Tamil Nadu,/AutoBiz/Certifications/,First Owner ,1,False,False,38064.0,"₹ 38,064",Get Instant Loan Approval,,0,https://www.cartrade.com/used-car-finance-cw/D1474219/step1?makeid=17&modelid=245&mfgyear=2014&cityid=176&price=2000000&owner=1&mfgmonth=9,17~Toyota,135~Fortuner~17~False,,18.7408008575439,,Aara Cars,,https://imgd.aeplcdn.com/,/cw/ucp/stockApiImg/FE1SRNN_1198695_1_9081871.jpeg,600,,False,-1,10,10,6,,,0,,True,False,3.8,5,True,,2014-09-01T00:00:00,/used/valuation/report/?car=2369&year=2014&city=176&askingPrice=2000000&owner=1
D1481812,Toyota Corolla H5 1.8E,17,88,56,178,/used/cars-in-chennai/toyota-corolla-d1481812/,,1481812,Dealer,9,4L,400000,"70,000",70000,2006,6,Toyota,Corolla,Corolla,H5 1.8E,corolla,White,Petrol,,Manual,Excellent Condition,0,,,11 day(s) ago,Adyar,Chennai,176,Tamil Nadu,,First Owner ,1,False,False,0.0,,,,0,,17~Toyota,88~Corolla~17~True,,18.7350006103516,,A and S Pre Owned Cars,,https://imgd.aeplcdn.com/,/cw/ucp/stockApiImg/M395PPH_1206552_1_9162831.jpeg,0,,False,-1,1,1,1,,,0,,True,False,,1,False,,2006-06-01T00:00:00,/used/valuation/report/?car=178&year=2006&city=176&askingPrice=400000&owner=1
D1481759,Toyota Fortuner 3.0 4x2 AT,17,135,245,2787,/used/cars-in-chennai/toyota-fortuner-2012-2016-d1481759/,,1481759,Dealer,9,24L,2400000,"38,052",38052,2014,6,Toyota,Fortuner,Fortuner [2012-2016],3.0 4x2 AT,fortuner-2012-2016,White,Diesel,,Automatic,Excellent Condition,0,,,11 day(s) ago,Adyar,Chennai,176,Tamil Nadu,,First Owner ,1,False,False,45677.0,"₹ 45,677",Get Instant Loan Approval,,0,https://www.cartrade.com/used-car-finance-cw/D1481759/step1?makeid=17&modelid=245&mfgyear=2014&cityid=176&price=2400000&owner=1&mfgmonth=6,17~Toyota,135~Fortuner~17~False,,18.7239990234375,,A and S Pre Owned Cars,,https://imgd.aeplcdn.com/,/cw/ucp/stockApiImg/P1XKQKT_1206497_1_9162220.jpeg,0,,False,-1,10,10,6,,,0,,True,False,,4,True,,2014-06-01T00:00:00,/used/valuation/report/?car=2787&year=2014&city=176&askingPrice=2400000&owner=1
D1483840,Toyota Fortuner 3.0 4x2 MT,17,135,245,2369,/used/cars-in-chennai/toyota-fortuner-2012-2016-d1483840/,,1483840,Dealer,9,17.50L,1750000,"85,935",85935,2013,8,Toyota,Fortuner,Fortuner [2012-2016],3.0 4x2 MT,fortuner-2012-2016,White,Diesel,,Manual,GOOD,0,,,7 day(s) ago,Ashok Nagar,Chennai,176,Tamil Nadu,/AutoBiz/Certifications/,First Owner ,1,False,False,38963.0,"₹ 38,963",Get Instant Loan Approval,,0,https://www.cartrade.com/used-car-finance-cw/D1483840/step1?makeid=17&modelid=245&mfgyear=2013&cityid=176&price=1750000&owner=1&mfgmonth=8,17~Toyota,135~Fortuner~17~False,,18.7276000976562,,Aara Cars,,https://imgd.aeplcdn.com/,/cw/ucp/stockApiImg/ML8FFGN_1208789_1_9185579.jpeg,600,,False,-1,10,10,6,,,0,,True,False,3.8,1,True,,2013-08-01T00:00:00,/used/valuation/report/?car=2369&year=2013&city=176&askingPrice=1750000&owner=1
D1473263,Toyota Fortuner 3.0 4x2 AT,17,135,245,2787,/used/cars-in-chennai/toyota-fortuner-2012-2016-d1473263/,,1473263,Dealer,9,19.50L,1950000,"54,903",54903,2012,10,Toyota,Fortuner,Fortuner [2012-2016],3.0 4x2 AT,fortuner-2012-2016,White,Diesel,,Automatic,GOOD,0,,,6 day(s) ago,Adyar,Chennai,176,Tamil Nadu,/AutoBiz/Certifications/,First Owner ,1,False,False,57458.0,"₹ 57,458",Get Instant Loan Approval,,0,https://www.cartrade.com/used-car-finance-cw/D1473263/step1?makeid=17&modelid=245&mfgyear=2012&cityid=176&price=1950000&owner=1&mfgmonth=10,17~Toyota,135~Fortuner~17~False,,18.7227001190186,,A and S Pre Owned Cars,,https://imgd.aeplcdn.com/,/cw/ucp/stockApiImg/TIRM7X1_1197651_1_9096154.jpeg,600,,False,-1,10,10,6,,,0,,True,False,4.2,5,True,,2012-10-01T00:00:00,/used/valuation/report/?car=2787&year=2012&city=176&askingPrice=1950000&owner=1
D1478258,Toyota Fortuner 2.5 Sportivo 4x2 AT,17,135,245,3883,/used/cars-in-chennai/toyota-fortuner-2012-2016-d1478258/,,1478258,Dealer,6,17.50L,1750000,"1,06,204",106204,2013,6,Toyota,Fortuner,Fortuner [2012-2016],2.5 Sportivo 4x2 AT,fortuner-2012-2016,White,Diesel,,Automatic,good condition,0,,,13 day(s) ago,Ashok Nagar,Chennai,176,Tamil Nadu,,First Owner ,1,False,False,38963.0,"₹ 38,963",Get Instant Loan Approval,,0,https://www.cartrade.com/used-car-finance-cw/D1478258/step1?makeid=17&modelid=245&mfgyear=2013&cityid=176&price=1750000&owner=1&mfgmonth=6,17~Toyota,135~Fortuner~17~False,,18.719799041748,,Aara Cars,,https://imgd.aeplcdn.com/,/cw/ucp/stockApiImg/LFX5EEF_1202848_1_9125074.jpeg,0,,False,-1,10,10,6,,,0,,True,False,,7,True,,2013-06-01T00:00:00,/used/valuation/report/?car=3883&year=2013&city=176&askingPrice=1750000&owner=1
D1483843,Toyota Fortuner 3.0 4x2 AT,17,135,245,2787,/used/cars-in-chennai/toyota-fortuner-2012-2016-d1483843/,,1483843,Dealer,9,15.50L,1550000,"1,20,274",120274,2012,3,Toyota,Fortuner,Fortuner [2012-2016],3.0 4x2 AT,fortuner-2012-2016,White,Diesel,,Automatic,INTERIORS & SEAT ALTERED,0,,,7 day(s) ago,Ashok Nagar,Chennai,176,Tamil Nadu,/AutoBiz/Certifications/,Second Owner ,2,False,False,45672.0,"₹ 45,672",Get Instant Loan Approval,,0,https://www.cartrade.com/used-car-finance-cw/D1483843/step1?makeid=17&modelid=245&mfgyear=2012&cityid=176&price=1550000&owner=2&mfgmonth=3,17~Toyota,135~Fortuner~17~False,,18.7166996002197,,Aara Cars,,https://imgd.aeplcdn.com/,/cw/ucp/stockApiImg/CHGX4O9_1208793_1_9185615.jpeg,600,,False,-1,10,10,6,,,0,,True,False,3.8,3,True,,2012-03-01T00:00:00,/used/valuation/report/?car=2787&year=2012&city=176&askingPrice=1550000&owner=2
D1477480,Toyota Innova Crysta 2.5 VX BS-IV,17,172,769,2193,/used/cars-in-chennai/toyota-innova-2009-2012-d1477480/,,1477480,Dealer,9,10.50L,1050000,"1,31,184",131184,2011,9,Toyota,Innova,Innova [2009-2012],Crysta 2.5 VX BS-IV,innova-2009-2012,White,Diesel,,Manual,GOOD,0,,,2 day(s) ago,Ashok Nagar,Chennai,176,Tamil Nadu,,First Owner ,1,False,False,24839.0,"₹ 24,839",Get Instant Loan Approval,,0,https://www.cartrade.com/used-car-finance-cw/D1477480/step1?makeid=17&modelid=769&mfgyear=2011&cityid=176&price=1050000&owner=1&mfgmonth=9,17~Toyota,172~Innova~17~False,,18.7182998657227,,Aara Cars,,https://imgd.aeplcdn.com/,/cw/ucp/stockApiImg/U0OOJAG_1201999_1_9116715.jpeg,600,,False,-1,6,7,6,,,0,,True,False,3.8,1,True,,2011-09-01T00:00:00,/used/valuation/report/?car=2193&year=2011&city=176&askingPrice=1050000&owner=1
D1472019,Toyota Innova 2.5 ZX BS IV 7 STR,17,172,863,3869,/used/cars-in-chennai/toyota-innova-2015-2016-d1472019/,,1472019,Dealer,9,16L,1600000,"73,972",73972,2015,4,Toyota,Innova,Innova [2015-2016],2.5 ZX BS IV 7 STR,innova-2015-2016,Gold,Diesel,,Manual,GOOD,0,,,18 day(s) ago,Adyar,Chennai,176,Tamil Nadu,/AutoBiz/Certifications/,First Owner ,1,False,False,32354.0,"₹ 32,354",Get Instant Loan Approval,,0,https://www.cartrade.com/used-car-finance-cw/D1472019/step1?makeid=17&modelid=863&mfgyear=2015&cityid=176&price=1600000&owner=1&mfgmonth=4,17~Toyota,172~Innova~17~False,,18.7194004058838,,A and S Pre Owned Cars,,https://imgd.aeplcdn.com/,/cw/ucp/stockApiImg/NXHBQRZ_1196301_1_9096028.jpeg,600,,False,-1,7,7,6,,,0,,True,False,4.1,4,True,,2015-04-01T00:00:00,/used/valuation/report/?car=3869&year=2015&city=176&askingPrice=1600000&owner=1
D1441072,Toyota Land Cruiser LC 200 VX,17,183,226,2521,/used/cars-in-chennai/toyota-land-cruiser-2011-2015-d1441072/,,1441072,Dealer,5,10L,1000000,"1,59,000",159000,2002,6,Toyota,Land Cruiser,Land Cruiser [2011-2015],LC 200 VX,land-cruiser-2011-2015,Silver,Diesel,,Automatic,Very Good Condition,0,,,28 day(s) ago,Ashok Nagar,Chennai,176,Tamil Nadu,,Third Owner ,3,False,False,0.0,,,,0,,17~Toyota,183~Land Cruiser~17~True,,18.6784992218018,,Aara Cars,,https://imgd.aeplcdn.com/,/cw/ucp/stockApiImg/AL0CE9T_1162374_1_8727098.jpeg,0,,False,-1,14,14,6,,,0,,True,False,,9,False,,2002-06-01T00:00:00,/used/valuation/report/?car=2521&year=2002&city=176&askingPrice=1000000&owner=3
D1476713,Toyota Innova 2.5 G4 8 STR,17,172,770,686,/used/cars-in-chennai/toyota-innova-2005-2009-d1476713/,,1476713,Dealer,8,13L,1300000,"8,000",8000,2012,6,Toyota,Innova,Innova [2005-2009],2.5 G4 8 STR,innova-2005-2009,Gold,Diesel,,Manual,"1 airbag, 2012 model 18000 kms,gold color, 9840/3444/56",0,,,11 minute(s) ago,Nungambakkam,Chennai,176,Tamil Nadu,,First Owner ,1,False,False,26288.0,"₹ 26,288",Get Instant Loan Approval,,0,https://www.cartrade.com/used-car-finance-cw/D1476713/step1?makeid=17&modelid=770&mfgyear=2012&cityid=176&price=1300000&owner=1&mfgmonth=6,17~Toyota,172~Innova~17~False,,18.4511451721191,,ADR Motors,,https://imgd.aeplcdn.com/,/cw/ucp/stockApiImg/CJMYMSZ_1201419_1_9110242.jpeg,0,,False,-1,1,6,6,,,0,,False,False,,12,True,,2012-06-01T00:00:00,/used/valuation/report/?car=686&year=2012&city=176&askingPrice=1300000&owner=1
D1487891,Toyota Innova 2.5 GX 7 STR BS-III,17,172,59,3178,/used/cars-in-chennai/toyota-innova-2013-2014-d1487891/,,1487891,Dealer,9,13.45L,1345000,"40,000",40000,2014,6,Toyota,Innova,Innova [2013-2014],2.5 GX 7 STR BS-III,innova-2013-2014,Gold,Diesel,,Manual,"single owner,40000km only,7 seater, 2.5gx,well maintained, good condition, 9840/3444/56",0,,,18 minute(s) ago,Nungambakkam,Chennai,176,Tamil Nadu,,First Owner ,1,False,False,27198.0,"₹ 27,198",Get Instant Loan Approval,,0,https://www.cartrade.com/used-car-finance-cw/D1487891/step1?makeid=17&modelid=59&mfgyear=2014&cityid=176&price=1345000&owner=1&mfgmonth=6,17~Toyota,172~Innova~17~False,,18.4188995361328,,ADR Motors,,https://imgd.aeplcdn.com/,/cw/ucp/stockApiImg/UCQ8X6N_1213206_1_9230024.jpeg,0,,False,-1,7,7,6,,,0,,False,False,,2,True,,2014-06-01T00:00:00,/used/valuation/report/?car=3178&year=2014&city=176&askingPrice=1345000&owner=1
D1487926,Toyota Etios GD,17,122,765,2247,/used/cars-in-chennai/toyota-etios-2010-2013-d1487926/,,1487926,Dealer,9,5.90L,590000,"71,500",71500,2013,6,Toyota,Etios,Etios [2010-2013],GD,etios-2010-2013,Grey,Diesel,,Manual,"single owner, 2 airbag,abs,4 alloye wheels well maintained, good condition 9840/344456",0,,,9 minute(s) ago,Nungambakkam,Chennai,176,Tamil Nadu,,First Owner ,1,False,False,11931.0,"₹ 11,931",Get Instant Loan Approval,,0,https://www.cartrade.com/used-car-finance-cw/D1487926/step1?makeid=17&modelid=765&mfgyear=2013&cityid=176&price=590000&owner=1&mfgmonth=6,17~Toyota,122~Etios~17~False,,18.4104957580566,,ADR Motors,,https://imgd.aeplcdn.com/,/cw/ucp/stockApiImg/IJKJ87T_1213253_1_9230421.jpeg,0,,False,-1,4,5,1,,,0,,False,False,,4,True,,2013-06-01T00:00:00,/used/valuation/report/?car=2247&year=2013&city=176&askingPrice=590000&owner=1
D1489027,Toyota Innova 2.5 GX 8 STR BS-III,17,172,768,2400,/used/cars-in-chennai/toyota-innova-2012-2013-d1489027/,,1489027,Dealer,7,12.50L,1250000,"90,859",90859,2013,6,Toyota,Innova,Innova [2012-2013],2.5 GX 8 STR BS-III,innova-2012-2013,Blue,Diesel,,Manual,GOOD,0,,,15 hour(s) ago,Nandanam,Chennai,176,Tamil Nadu,,First Owner ,1,False,False,25277.0,"₹ 25,277",Get Instant Loan Approval,,0,https://www.cartrade.com/used-car-finance-cw/D1489027/step1?makeid=17&modelid=768&mfgyear=2013&cityid=176&price=1250000&owner=1&mfgmonth=6,17~Toyota,172~Innova~17~False,,18.3725147247314,,Royal Cars,,https://imgd.aeplcdn.com/,/cw/ucp/stockApiImg/0NC9MTG_1214429_1_9242319.jpeg,0,,False,-1,7,7,6,,,0,,False,False,,0,True,,2013-06-01T00:00:00,/used/valuation/report/?car=2400&year=2013&city=176&askingPrice=1250000&owner=1
D1451575,Toyota Innova 2.5 ZX 7 STR BS-IV,17,172,59,3114,/used/cars-in-chennai/toyota-innova-2013-2014-d1451575/,,1451575,Dealer,4,15L,1500000,"52,000",52000,2014,6,Toyota,Innova,Innova [2013-2014],2.5 ZX 7 STR BS-IV,innova-2013-2014,Silver,Diesel,,Manual,Good,0,,,1 month(s) ago,Nandanam,Chennai,176,Tamil Nadu,,Second Owner ,2,False,False,30332.0,"₹ 30,332",Get Instant Loan Approval,,0,https://www.cartrade.com/used-car-finance-cw/D1451575/step1?makeid=17&modelid=59&mfgyear=2014&cityid=176&price=1500000&owner=2&mfgmonth=6,17~Toyota,172~Innova~17~False,,17.7290000915527,,Super Cars,,https://imgd.aeplcdn.com/,/cw/ucp/stockApiImg/EMBLHTU_1173897_1_8835876.jpeg,0,,False,-1,7,6,6,,,0,,False,False,,12,True,,2014-06-01T00:00:00,/used/valuation/report/?car=3114&year=2014&city=176&askingPrice=1500000&owner=2
D1479702,Toyota Etios VX,17,122,837,3803,/used/cars-in-chennai/toyota-etios-2014-2016-d1479702/,,1479702,Dealer,8,5.75L,575000,"16,000",16000,2015,6,Toyota,Etios,Etios [2014-2016],VX,etios-2014-2016,Grey,Petrol,,Manual,excellent ,0,,,10 day(s) ago,Thyagaraya Nagar H O,Chennai,176,Tamil Nadu,,First Owner ,1,False,False,11627.0,"₹ 11,627",Get Instant Loan Approval,,0,https://www.cartrade.com/used-car-finance-cw/D1479702/step1?makeid=17&modelid=837&mfgyear=2015&cityid=176&price=575000&owner=1&mfgmonth=6,17~Toyota,122~Etios~17~False,,16.7754993438721,,GT Reddy Cars,,https://imgd.aeplcdn.com/,/cw/ucp/stockApiImg/SVZPKL7_1201076_1_9106250.jpg,0,,False,-1,4,4,1,,,0,,False,False,,5,True,,2015-06-01T00:00:00,/used/valuation/report/?car=3803&year=2015&city=176&askingPrice=575000&owner=1
D1476667,Toyota Etios Liva V,17,188,766,2166,/used/cars-in-chennai/toyota-etios-liva-2011-2013-d1476667/,,1476667,Dealer,9,3.30L,330000,"60,129",60129,2011,11,Toyota,Etios Liva,Etios Liva [2011-2013],V,etios-liva-2011-2013,Black,Petrol,,Manual,,0,,,3 day(s) ago,Koyambedu,Chennai,176,Tamil Nadu,,First Owner ,1,False,False,7807.0,"₹ 7,807",Get Instant Loan Approval,,0,https://www.cartrade.com/used-car-finance-cw/D1476667/step1?makeid=17&modelid=766&mfgyear=2011&cityid=176&price=330000&owner=1&mfgmonth=11,17~Toyota,188~Etios Liva~17~False,,16.7707004547119,,Venture Cars,,https://imgd.aeplcdn.com/,/cw/ucp/stockApiImg/5WI5MDH_1201372_1_9109843.jpeg,600,,False,-1,4,4,3,,,0,,False,False,3.8,4,True,,2011-11-01T00:00:00,/used/valuation/report/?car=2166&year=2011&city=176&askingPrice=330000&owner=1
D1482603,Toyota Innova 2.5 VX 8 STR BS-III,17,172,768,2402,/used/cars-in-chennai/toyota-innova-2012-2013-d1482603/,,1482603,Dealer,9,14.25L,1425000,"53,083",53083,2013,6,Toyota,Innova,Innova [2012-2013],2.5 VX 8 STR BS-III,innova-2012-2013,Silver,Diesel,,Manual,Good,0,,,10 day(s) ago,Tiruvanmiyur,Chennai,176,Tamil Nadu,,First Owner ,1,False,False,28816.0,"₹ 28,816",Get Instant Loan Approval,,0,https://www.cartrade.com/used-car-finance-cw/D1482603/step1?makeid=17&modelid=768&mfgyear=2013&cityid=176&price=1425000&owner=1&mfgmonth=6,17~Toyota,172~Innova~17~False,,16.760799407959,,Lanson Q Cars Pvt Ltd,,https://imgd.aeplcdn.com/,/cw/ucp/stockApiImg/QC94VRI_1207476_1_9172378.jpeg,0,,False,-1,7,7,6,176,,0,,False,False,,1,True,,2013-06-01T00:00:00,/used/valuation/report/?car=2402&year=2013&city=176&askingPrice=1425000&owner=1
D1481812,Toyota Corolla H5 1.8E,17,88,56,178,/used/cars-in-chennai/toyota-corolla-d1481812/,,1481812,Dealer,9,4L,400000,"70,000",70000,2006,6,Toyota,Corolla,Corolla,H5 1.8E,corolla,White,Petrol,,Manual,Excellent Condition,0,,,11 day(s) ago,Adyar,Chennai,176,Tamil Nadu,,First Owner ,1,True,False,0.0,,,,0,,17~Toyota,88~Corolla~17~True,,18.7350006103516,,A and S Pre Owned Cars,,https://imgd.aeplcdn.com/,/cw/ucp/stockApiImg/M395PPH_1206552_1_9162831.jpeg,0,,False,-1,1,1,1,,,0,,True,False,,1,False,,2006-06-01T00:00:00,/used/valuation/report/?car=178&year=2006&city=176&askingPrice=400000&owner=1
D1484318,Toyota Corolla Altis VL AT Petrol,17,353,577,3351,/used/cars-in-chennai/toyota-corolla-altis-2014-2017-d1484318/,,1484318,Dealer,9,14.50L,1450000,"44,416",44416,2015,10,Toyota,Corolla Altis,Corolla Altis [2014-2017],VL AT Petrol,corolla-altis-2014-2017,Grey,Petrol,,Automatic,GOOD,0,,,3 day(s) ago,Adyar,Chennai,176,Tamil Nadu,/AutoBiz/Certifications/,First Owner ,1,True,False,29321.0,"₹ 29,321",Get Instant Loan Approval,,0,https://www.cartrade.com/used-car-finance-cw/D1484318/step1?makeid=17&modelid=577&mfgyear=2015&cityid=176&price=1450000&owner=1&mfgmonth=10,17~Toyota,353~Corolla Altis~17~False,,18.7325992584228,,A and S Pre Owned Cars,,https://imgd.aeplcdn.com/,/cw/ucp/stockApiImg/6XRDHGM_1209314_1_9209147.jpeg,600,,False,-1,8,9,1,,,0,,True,False,4.2,0,True,,2015-10-01T00:00:00,/used/valuation/report/?car=3351&year=2015&city=176&askingPrice=1450000&owner=1
D1483840,Toyota Fortuner 3.0 4x2 MT,17,135,245,2369,/used/cars-in-chennai/toyota-fortuner-2012-2016-d1483840/,,1483840,Dealer,9,17.50L,1750000,"85,935",85935,2013,8,Toyota,Fortuner,Fortuner [2012-2016],3.0 4x2 MT,fortuner-2012-2016,White,Diesel,,Manual,GOOD,0,,,7 day(s) ago,Ashok Nagar,Chennai,176,Tamil Nadu,/AutoBiz/Certifications/,First Owner ,1,True,False,38963.0,"₹ 38,963",Get Instant Loan Approval,,0,https://www.cartrade.com/used-car-finance-cw/D1483840/step1?makeid=17&modelid=245&mfgyear=2013&cityid=176&price=1750000&owner=1&mfgmonth=8,17~Toyota,135~Fortuner~17~False,,18.7276000976562,,Aara Cars,,https://imgd.aeplcdn.com/,/cw/ucp/stockApiImg/ML8FFGN_1208789_1_9185579.jpeg,600,,False,-1,10,10,6,,,0,,True,False,3.8,1,True,,2013-08-01T00:00:00,/used/valuation/report/?car=2369&year=2013&city=176&askingPrice=1750000&owner=1
D1476667,Toyota Etios Liva V,17,188,766,2166,/used/cars-in-chennai/toyota-etios-liva-2011-2013-d1476667/,,1476667,Dealer,9,3.30L,330000,"60,129",60129,2011,11,Toyota,Etios Liva,Etios Liva [2011-2013],V,etios-liva-2011-2013,Black,Petrol,,Manual,,0,,,3 day(s) ago,Koyambedu,Chennai,176,Tamil Nadu,,First Owner ,1,False,False,7807.0,"₹ 7,807",Get Instant Loan Approval,,0,https://www.cartrade.com/used-car-finance-cw/D1476667/step1?makeid=17&modelid=766&mfgyear=2011&cityid=176&price=330000&owner=1&mfgmonth=11,17~Toyota,188~Etios Liva~17~False,,16.7707004547119,,Venture Cars,,https://imgd.aeplcdn.com/,/cw/ucp/stockApiImg/5WI5MDH_1201372_1_9109843.jpeg,600,,False,-1,4,4,3,,,0,,False,False,3.8,4,True,,2011-11-01T00:00:00,/used/valuation/report/?car=2166&year=2011&city=176&askingPrice=330000&owner=1
D1482603,Toyota Innova 2.5 VX 8 STR BS-III,17,172,768,2402,/used/cars-in-chennai/toyota-innova-2012-2013-d1482603/,,1482603,Dealer,9,14.25L,1425000,"53,083",53083,2013,6,Toyota,Innova,Innova [2012-2013],2.5 VX 8 STR BS-III,innova-2012-2013,Silver,Diesel,,Manual,Good,0,,,10 day(s) ago,Tiruvanmiyur,Chennai,176,Tamil Nadu,,First Owner ,1,False,False,28816.0,"₹ 28,816",Get Instant Loan Approval,,0,https://www.cartrade.com/used-car-finance-cw/D1482603/step1?makeid=17&modelid=768&mfgyear=2013&cityid=176&price=1425000&owner=1&mfgmonth=6,17~Toyota,172~Innova~17~False,,16.760799407959,,Lanson Q Cars Pvt Ltd,,https://imgd.aeplcdn.com/,/cw/ucp/stockApiImg/QC94VRI_1207476_1_9172378.jpeg,0,,False,-1,7,7,6,,,0,,False,False,,1,True,,2013-06-01T00:00:00,/used/valuation/report/?car=2402&year=2013&city=176&askingPrice=1425000&owner=1
D1482606,Toyota Innova 2.5 VX 7 STR BS-III,17,172,59,3180,/used/cars-in-chennai/toyota-innova-2013-2014-d1482606/,,1482606,Dealer,8,15.25L,1525000,"57,497",57497,2014,6,Toyota,Innova,Innova [2013-2014],2.5 VX 7 STR BS-III,innova-2013-2014,Silver,Diesel,,Manual,Good,0,,,10 day(s) ago,Tiruvanmiyur,Chennai,176,Tamil Nadu,,First Owner ,1,False,False,30838.0,"₹ 30,838",Get Instant Loan Approval,,0,https://www.cartrade.com/used-car-finance-cw/D1482606/step1?makeid=17&modelid=59&mfgyear=2014&cityid=176&price=1525000&owner=1&mfgmonth=6,17~Toyota,172~Innova~17~False,,16.7579002380371,,Lanson Q Cars Pvt Ltd,,https://imgd.aeplcdn.com/,/cw/ucp/stockApiImg/DEAXRCL_1207480_1_9172447.jpeg,0,,False,-1,7,7,6,,,0,,False,False,,0,True,,2014-06-01T00:00:00,/used/valuation/report/?car=3180&year=2014&city=176&askingPrice=1525000&owner=1
D1478125,Toyota Innova 2.5 VX 7 STR BS-III,17,172,59,3180,/used/cars-in-chennai/toyota-innova-2013-2014-d1478125/,,1478125,Dealer,9,15L,1500000,"41,793",41793,2014,1,Toyota,Innova,Innova [2013-2014],2.5 VX 7 STR BS-III,innova-2013-2014,Grey,Diesel,,Manual,,0,,,12 day(s) ago,Tiruverkadu,Chennai,176,Tamil Nadu,,First Owner ,1,False,False,30332.0,"₹ 30,332",Get Instant Loan Approval,,0,https://www.cartrade.com/used-car-finance-cw/D1478125/step1?makeid=17&modelid=59&mfgyear=2014&cityid=176&price=1500000&owner=1&mfgmonth=1,17~Toyota,172~Innova~17~False,,16.7602996826172,,Harsha Toyota ,,https://imgd.aeplcdn.com/,/cw/ucp/stockApiImg/DRN7OUO_1202695_1_9123655.jpeg,600,,False,-1,7,7,6,,,0,,False,False,3.8,1,True,,2014-01-01T00:00:00,/used/valuation/report/?car=3180&year=2014&city=176&askingPrice=1500000&owner=1
D1470012,Toyota Etios GD,17,122,765,2247,/used/cars-in-chennai/toyota-etios-2010-2013-d1470012/,,1470012,Dealer,9,5.50L,550000,"73,236",73236,2012,2,Toyota,Etios,Etios [2010-2013],GD,etios-2010-2013,Red,Diesel,,Manual,GOOD,0,,,22 day(s) ago,Nandanam,Chennai,176,Tamil Nadu,/AutoBiz/Certifications/,First Owner ,1,False,False,11122.0,"₹ 11,122",Get Instant Loan Approval,,0,https://www.cartrade.com/used-car-finance-cw/D1470012/step1?makeid=17&modelid=765&mfgyear=2012&cityid=176&price=550000&owner=1&mfgmonth=2,17~Toyota,122~Etios~17~False,,16.7628002166748,,Royal Cars,,https://imgd.aeplcdn.com/,/cw/ucp/stockApiImg/J1LBG4I_1194109_1_9038932.jpeg,600,,False,-1,4,5,1,,,0,,False,False,4.0,7,True,,2012-02-01T00:00:00,/used/valuation/report/?car=2247&year=2012&city=176&askingPrice=550000&owner=1
D1487313,Toyota Innova 2.5 VX BS III 7 STR,17,172,863,3879,/used/cars-in-chennai/toyota-innova-2015-2016-d1487313/,,1487313,Dealer,9,15.20L,1520000,"57,000",57000,2014,6,Toyota,Innova,Innova [2015-2016],2.5 VX BS III 7 STR,innova-2015-2016,Gold,Diesel,,Manual,good,0,,,2 day(s) ago,Nandanam,Chennai,176,Tamil Nadu,,First Owner ,1,False,False,30737.0,"₹ 30,737",Get Instant Loan Approval,,0,https://www.cartrade.com/used-car-finance-cw/D1487313/step1?makeid=17&modelid=863&mfgyear=2014&cityid=176&price=1520000&owner=1&mfgmonth=6,17~Toyota,172~Innova~17~False,,16.7549991607666,,Bharanis First Choice,,https://imgd.aeplcdn.com/,/cw/ucp/stockApiImg/5RJARKC_1212575_1_9224297.jpeg,0,,False,-1,7,7,6,,,0,,False,False,,1,True,,2014-06-01T00:00:00,/used/valuation/report/?car=3879&year=2014&city=176&askingPrice=1520000&owner=1
D1482598,Toyota Corolla Altis 1.8 VL AT,17,353,764,1425,/used/cars-in-chennai/toyota-corolla-altis-2008-2011-d1482598/,,1482598,Dealer,8,5.25L,525000,"76,176",76176,2009,6,Toyota,Corolla Altis,Corolla Altis [2008-2011],1.8 VL AT,corolla-altis-2008-2011,White,Petrol,,Automatic,Good,0,,,10 day(s) ago,Tiruvanmiyur,Chennai,176,Tamil Nadu,,First Owner ,1,False,False,22910.0,"₹ 22,910",Get Instant Loan Approval,,0,https://www.cartrade.com/used-car-finance-cw/D1482598/step1?makeid=17&modelid=764&mfgyear=2009&cityid=176&price=525000&owner=1&mfgmonth=6,17~Toyota,353~Corolla Altis~17~False,,16.762300491333,,Lanson Q Cars Pvt Ltd,,https://imgd.aeplcdn.com/,/cw/ucp/stockApiImg/G2JCN6M_1207471_1_9172364.jpeg,0,,False,-1,7,8,1,,,0,,False,False,,1,True,,2009-06-01T00:00:00,/used/valuation/report/?car=1425&year=2009&city=176&askingPrice=525000&owner=1
D1458390,Toyota Fortuner 3.0 4x2 MT,17,135,245,2369,/used/cars-in-chennai/toyota-fortuner-2012-2016-d1458390/,,1458390,Dealer,9,22.50L,2250000,"44,143",44143,2014,2,Toyota,Fortuner,Fortuner [2012-2016],3.0 4x2 MT,fortuner-2012-2016,Beige,Diesel,,Manual,,0,,,1 month(s) ago,Koyambedu,Chennai,176,Tamil Nadu,/AutoBiz/Certifications/,First Owner ,1,False,False,42822.0,"₹ 42,822",Get Instant Loan Approval,,0,https://www.cartrade.com/used-car-finance-cw/D1458390/step1?makeid=17&modelid=245&mfgyear=2014&cityid=176&price=2250000&owner=1&mfgmonth=2,17~Toyota,135~Fortuner~17~False,,16.7509994506836,,V Murugancars,,https://imgd.aeplcdn.com/,/cw/ucp/stockApiImg/4LNCLWR_1181347_1_8909452.jpeg,600,,False,-1,10,10,6,,,0,,False,False,3.9,3,True,,2014-02-01T00:00:00,/used/valuation/report/?car=2369&year=2014&city=176&askingPrice=2250000&owner=1
D1482596,Toyota Fortuner 3.0 4x2 MT,17,135,245,2369,/used/cars-in-chennai/toyota-fortuner-2012-2016-d1482596/,,1482596,Dealer,6,19L,1900000,"69,267",69267,2014,6,Toyota,Fortuner,Fortuner [2012-2016],3.0 4x2 MT,fortuner-2012-2016,Gold,Diesel,,Manual,Good,0,,,10 day(s) ago,Tiruvanmiyur,Chennai,176,Tamil Nadu,,First Owner ,1,False,False,36161.0,"₹ 36,161",Get Instant Loan Approval,,0,https://www.cartrade.com/used-car-finance-cw/D1482596/step1?makeid=17&modelid=245&mfgyear=2014&cityid=176&price=1900000&owner=1&mfgmonth=6,17~Toyota,135~Fortuner~17~False,,16.7490005493164,,Lanson Q Cars Pvt Ltd,,https://imgd.aeplcdn.com/,/cw/ucp/stockApiImg/0UABQ0V_1207469_1_9172496.jpeg,0,,False,-1,10,10,6,,,0,,False,False,,2,True,,2014-06-01T00:00:00,/used/valuation/report/?car=2369&year=2014&city=176&askingPrice=1900000&owner=1
D1488163,Toyota Corolla Altis 1.8 G,17,353,764,1423,/used/cars-in-chennai/toyota-corolla-altis-2008-2011-d1488163/,,1488163,Dealer,9,3.30L,330000,"1,01,911",101911,2008,9,Toyota,Corolla Altis,Corolla Altis [2008-2011],1.8 G,corolla-altis-2008-2011,White,Petrol,,Manual,,0,,,1 day(s) ago,Tiruverkadu,Chennai,176,Tamil Nadu,,First Owner ,1,False,False,0.0,,,,0,,17~Toyota,353~Corolla Altis~17~False,,16.7506999969482,,Harsha Toyota ,,https://imgd.aeplcdn.com/,/cw/ucp/stockApiImg/JKTB2E1_1213533_1_9233045.jpeg,600,,False,-1,7,8,1,,,0,,False,False,4.0,0,False,,2008-09-01T00:00:00,/used/valuation/report/?car=1423&year=2008&city=176&askingPrice=330000&owner=1
D1488165,Toyota Innova 2.5 VX BS IV 8 STR,17,172,863,3867,/used/cars-in-chennai/toyota-innova-2015-2016-d1488165/,,1488165,Dealer,9,14.75L,1475000,"80,936",80936,2014,3,Toyota,Innova,Innova [2015-2016],2.5 VX BS IV 8 STR,innova-2015-2016,Gold,Diesel,,Manual,,0,,,1 day(s) ago,Tiruverkadu,Chennai,176,Tamil Nadu,,First Owner ,1,False,False,29827.0,"₹ 29,827",Get Instant Loan Approval,,0,https://www.cartrade.com/used-car-finance-cw/D1488165/step1?makeid=17&modelid=863&mfgyear=2014&cityid=176&price=1475000&owner=1&mfgmonth=3,17~Toyota,172~Innova~17~False,,16.7455005645752,,Harsha Toyota ,,https://imgd.aeplcdn.com/,/cw/ucp/stockApiImg/DN7J92L_1213535_1_9233103.jpeg,600,,False,-1,7,7,6,,,0,,False,False,4.0,0,True,,2014-03-01T00:00:00,/used/valuation/report/?car=3867&year=2014&city=176&askingPrice=1475000&owner=1
D1476432,Toyota Fortuner 3.0 4x2 AT,17,135,245,2787,/used/cars-in-chennai/toyota-fortuner-2012-2016-d1476432/,,1476432,Dealer,9,24.50L,2450000,"34,038",34038,2014,10,Toyota,Fortuner,Fortuner [2012-2016],3.0 4x2 AT,fortuner-2012-2016,White,Diesel,,Automatic,,0,,,17 day(s) ago,Koyambedu,Chennai,176,Tamil Nadu,/AutoBiz/Certifications/,First Owner ,1,False,False,46628.0,"₹ 46,628",Get Instant Loan Approval,,0,https://www.cartrade.com/used-car-finance-cw/D1476432/step1?makeid=17&modelid=245&mfgyear=2014&cityid=176&price=2450000&owner=1&mfgmonth=10,17~Toyota,135~Fortuner~17~False,,16.7525997161865,,V Murugancars,,https://imgd.aeplcdn.com/,/cw/ucp/stockApiImg/SNFOSG6_1201119_1_9106864.jpeg,600,,False,-1,10,10,6,,,0,,False,False,4.0,2,True,,2014-10-01T00:00:00,/used/valuation/report/?car=2787&year=2014&city=176&askingPrice=2450000&owner=1
D1478146,Toyota Innova 2.5 V 7 STR,17,172,770,688,/used/cars-in-chennai/toyota-innova-2005-2009-d1478146/,,1478146,Dealer,6,12.20L,1220000,"87,781",87781,2014,6,Toyota,Innova,Innova [2005-2009],2.5 V 7 STR,innova-2005-2009,Grey,Diesel,,Manual,,0,,,14 day(s) ago,Tiruverkadu,Chennai,176,Tamil Nadu,,First Owner ,1,False,False,24670.0,"₹ 24,670",Get Instant Loan Approval,,0,https://www.cartrade.com/used-car-finance-cw/D1478146/step1?makeid=17&modelid=770&mfgyear=2014&cityid=176&price=1220000&owner=1&mfgmonth=6,17~Toyota,172~Innova~17~False,,16.7458000183105,,Harsha Toyota ,,https://imgd.aeplcdn.com/,/cw/ucp/stockApiImg/WIIC76P_1202726_1_9134652.jpg,0,,False,-1,1,6,6,,,0,,False,False,,7,True,,2014-06-01T00:00:00,/used/valuation/report/?car=688&year=2014&city=176&askingPrice=1220000&owner=1
D1482609,Toyota Innova 2.5 VX 7 STR BS-III,17,172,59,3180,/used/cars-in-chennai/toyota-innova-2013-2014-d1482609/,,1482609,Dealer,9,14.25L,1425000,"1,09,660",109660,2014,6,Toyota,Innova,Innova [2013-2014],2.5 VX 7 STR BS-III,innova-2013-2014,Silver,Diesel,,Manual,Good,0,,,10 day(s) ago,Tiruvanmiyur,Chennai,176,Tamil Nadu,,First Owner ,1,False,False,28816.0,"₹ 28,816",Get Instant Loan Approval,,0,https://www.cartrade.com/used-car-finance-cw/D1482609/step1?makeid=17&modelid=59&mfgyear=2014&cityid=176&price=1425000&owner=1&mfgmonth=6,17~Toyota,172~Innova~17~False,,16.738899230957,,Lanson Q Cars Pvt Ltd,,https://imgd.aeplcdn.com/,/cw/ucp/stockApiImg/3L0CTR6_1207483_1_9172394.jpeg,0,,False,-1,7,7,6,,,0,,False,False,,0,True,,2014-06-01T00:00:00,/used/valuation/report/?car=3180&year=2014&city=176&askingPrice=1425000&owner=1
D1476801,Toyota Innova 2.5 G3,17,172,770,166,/used/cars-in-chennai/toyota-innova-2005-2009-d1476801/,,1476801,Dealer,9,7.25L,725000,"1,39,297",139297,2010,6,Toyota,Innova,Innova [2005-2009],2.5 G3,innova-2005-2009,Gold,Diesel,,Manual,"Duplicate RC, Good Condition",0,,,14 day(s) ago,Nandanam,Chennai,176,Tamil Nadu,,First Owner ,1,False,False,22619.0,"₹ 22,619",Get Instant Loan Approval,,0,https://www.cartrade.com/used-car-finance-cw/D1476801/step1?makeid=17&modelid=770&mfgyear=2010&cityid=176&price=725000&owner=1&mfgmonth=6,17~Toyota,172~Innova~17~False,,16.7353000640869,,Royal Cars,,https://imgd.aeplcdn.com/,/cw/ucp/stockApiImg/2MK41NP_1201515_1_9111683.jpeg,0,,False,-1,1,1,6,,,0,,False,False,,9,True,,2010-06-01T00:00:00,/used/valuation/report/?car=166&year=2010&city=176&askingPrice=725000&owner=1
D1482608,Toyota Innova 2.5 VX 7 STR BS-III,17,172,59,3180,/used/cars-in-chennai/toyota-innova-2013-2014-d1482608/,,1482608,Dealer,5,15.25L,1525000,"54,482",54482,2014,6,Toyota,Innova,Innova [2013-2014],2.5 VX 7 STR BS-III,innova-2013-2014,Silver,Diesel,,Manual,Good,0,,,10 day(s) ago,Tiruvanmiyur,Chennai,176,Tamil Nadu,,First Owner ,1,False,False,30838.0,"₹ 30,838",Get Instant Loan Approval,,0,https://www.cartrade.com/used-car-finance-cw/D1482608/step1?makeid=17&modelid=59&mfgyear=2014&cityid=176&price=1525000&owner=1&mfgmonth=6,17~Toyota,172~Innova~17~False,,16.7294006347656,,Lanson Q Cars Pvt Ltd,,https://imgd.aeplcdn.com/,/cw/ucp/stockApiImg/1AOXQPS_1207481_1_9172477.jpeg,0,,False,-1,7,7,6,,,0,,False,False,,0,True,,2014-06-01T00:00:00,/used/valuation/report/?car=3180&year=2014&city=176&askingPrice=1525000&owner=1
D1486422,Toyota Fortuner 3.0 4x2 AT,17,135,245,2787,/used/cars-in-chennai/toyota-fortuner-2012-2016-d1486422/,,1486422,Dealer,9,17.50L,1749999,"1,30,000",130000,2013,6,Toyota,Fortuner,Fortuner [2012-2016],3.0 4x2 AT,fortuner-2012-2016,White,Diesel,,Automatic,very good,0,,,2 day(s) ago,Shanmugapuram,Chennai,176,Tamil Nadu,,First Owner ,1,False,False,38963.0,"₹ 38,963",Get Instant Loan Approval,,0,https://www.cartrade.com/used-car-finance-cw/D1486422/step1?makeid=17&modelid=245&mfgyear=2013&cityid=176&price=1749999&owner=1&mfgmonth=6,17~Toyota,135~Fortuner~17~False,,16.7268009185791,,Family Cars,,https://imgd.aeplcdn.com/,/cw/ucp/stockApiImg/Q54YDHN_1211603_1_9214167.jpeg,0,,False,-1,10,10,6,,,0,,False,False,,0,True,,2013-06-01T00:00:00,/used/valuation/report/?car=2787&year=2013&city=176&askingPrice=1749999&owner=1
D1467959,Toyota Innova 2.5 V 7 STR,17,172,770,688,/used/cars-in-chennai/toyota-innova-2005-2009-d1467959/,,1467959,Dealer,9,6.50L,650000,"1,50,000",150000,2006,6,Toyota,Innova,Innova [2005-2009],2.5 V 7 STR,innova-2005-2009,Gold,Diesel,,Manual,Good Condition,0,,,28 day(s) ago,Koyambedu,Chennai,176,Tamil Nadu,,Second Owner ,2,False,False,0.0,,,,0,,17~Toyota,172~Innova~17~False,,16.7287998199463,,V Murugancars,,https://imgd.aeplcdn.com/,/cw/ucp/stockApiImg/V7TEH45_1191861_1_9014871.jpeg,0,,False,-1,1,6,6,,,0,,False,False,,9,False,,2006-06-01T00:00:00,/used/valuation/report/?car=688&year=2006&city=176&askingPrice=650000&owner=2
D1483965,Toyota Corolla Altis VL AT Petrol,17,353,577,3351,/used/cars-in-chennai/toyota-corolla-altis-2014-2017-d1483965/,,1483965,Dealer,9,13.75L,1375000,"38,000",38000,2015,6,Toyota,Corolla Altis,Corolla Altis [2014-2017],VL AT Petrol,corolla-altis-2014-2017,White,Petrol,,Automatic,showroom condition,0,,,7 day(s) ago,Annanagar,Chennai,176,Tamil Nadu,,First Owner ,1,False,False,27804.0,"₹ 27,804",Get Instant Loan Approval,,0,https://www.cartrade.com/used-car-finance-cw/D1483965/step1?makeid=17&modelid=577&mfgyear=2015&cityid=176&price=1375000&owner=1&mfgmonth=6,17~Toyota,353~Corolla Altis~17~False,,15.7652997970581,,New Zain Cars,,https://imgd.aeplcdn.com/,/cw/ucp/stockApiImg/J4TAAHY_1208927_1_9186797.jpeg,0,,False,-1,8,9,1,,,0,,False,False,,1,True,,2015-06-01T00:00:00,/used/valuation/report/?car=3351&year=2015&city=176&askingPrice=1375000&owner=1
D1469515,Toyota Etios Liva GD,17,188,766,2249,/used/cars-in-chennai/toyota-etios-liva-2011-2013-d1469515/,,1469515,Dealer,8,3.50L,350000,"63,000",63000,2011,6,Toyota,Etios Liva,Etios Liva [2011-2013],GD,etios-liva-2011-2013,Blue,Diesel,,Manual,"Very Good Condition, Finance Available & Test Drive Available",0,,,25 day(s) ago,Kolathur-Cpt,Chennai,176,Tamil Nadu,,Second Owner ,2,False,False,8280.0,"₹ 8,280",Get Instant Loan Approval,,0,https://www.cartrade.com/used-car-finance-cw/D1469515/step1?makeid=17&modelid=766&mfgyear=2011&cityid=176&price=350000&owner=2&mfgmonth=6,17~Toyota,188~Etios Liva~17~False,,15.766900062561,,Jayam Cars,,https://imgd.aeplcdn.com/,/cw/ucp/stockApiImg/HJP7AHN_1193580_1_9033533.jpg,0,,False,-1,4,4,3,,,0,,False,False,,5,True,,2011-06-01T00:00:00,/used/valuation/report/?car=2249&year=2011&city=176&askingPrice=350000&owner=2
D1444560,Toyota Innova 2.5 V 7 STR,17,172,770,688,/used/cars-in-chennai/toyota-innova-2005-2009-d1444560/,,1444560,Dealer,9,9.75L,975000,"95,230",95230,2009,10,Toyota,Innova,Innova [2005-2009],2.5 V 7 STR,innova-2005-2009,Beige,Diesel,,Manual,,0,,,2 month(s) ago,Kolathur-Cpt,Chennai,176,Tamil Nadu,/AutoBiz/Certifications/,First Owner ,1,False,False,42547.0,"₹ 42,547",Get Instant Loan Approval,,0,https://www.cartrade.com/used-car-finance-cw/D1444560/step1?makeid=17&modelid=770&mfgyear=2009&cityid=176&price=975000&owner=1&mfgmonth=10,17~Toyota,172~Innova~17~False,,15.7486000061035,,Car Selections,,https://imgd.aeplcdn.com/,/cw/ucp/stockApiImg/ITA8K9F_1161756_1_8720260.jpeg,600,,False,-1,1,6,6,176,,0,,False,False,3.8,3,True,,2009-10-01T00:00:00,/used/valuation/report/?car=688&year=2009&city=176&askingPrice=975000&owner=1
D1473263,Toyota Fortuner 3.0 4x2 AT,17,135,245,2787,/used/cars-in-chennai/toyota-fortuner-2012-2016-d1473263/,,1473263,Dealer,9,19.50L,1950000,"54,903",54903,2012,10,Toyota,Fortuner,Fortuner [2012-2016],3.0 4x2 AT,fortuner-2012-2016,White,Diesel,,Automatic,GOOD,0,,,6 day(s) ago,Adyar,Chennai,176,Tamil Nadu,/AutoBiz/Certifications/,First Owner ,1,True,False,57458.0,"₹ 57,458",Get Instant Loan Approval,,0,https://www.cartrade.com/used-car-finance-cw/D1473263/step1?makeid=17&modelid=245&mfgyear=2012&cityid=176&price=1950000&owner=1&mfgmonth=10,17~Toyota,135~Fortuner~17~False,,18.7227001190186,,A and S Pre Owned Cars,,https://imgd.aeplcdn.com/,/cw/ucp/stockApiImg/TIRM7X1_1197651_1_9096154.jpeg,600,,False,-1,10,10,6,,,0,,True,False,4.2,5,True,,2012-10-01T00:00:00,/used/valuation/report/?car=2787&year=2012&city=176&askingPrice=1950000&owner=1
D1478258,Toyota Fortuner 2.5 Sportivo 4x2 AT,17,135,245,3883,/used/cars-in-chennai/toyota-fortuner-2012-2016-d1478258/,,1478258,Dealer,6,17.50L,1750000,"1,06,204",106204,2013,6,Toyota,Fortuner,Fortuner [2012-2016],2.5 Sportivo 4x2 AT,fortuner-2012-2016,White,Diesel,,Automatic,good condition,0,,,13 day(s) ago,Ashok Nagar,Chennai,176,Tamil Nadu,,First Owner ,1,True,False,38963.0,"₹ 38,963",Get Instant Loan Approval,,0,https://www.cartrade.com/used-car-finance-cw/D1478258/step1?makeid=17&modelid=245&mfgyear=2013&cityid=176&price=1750000&owner=1&mfgmonth=6,17~Toyota,135~Fortuner~17~False,,18.719799041748,,Aara Cars,,https://imgd.aeplcdn.com/,/cw/ucp/stockApiImg/LFX5EEF_1202848_1_9125074.jpeg,0,,False,-1,10,10,6,,,0,,True,False,,7,True,,2013-06-01T00:00:00,/used/valuation/report/?car=3883&year=2013&city=176&askingPrice=1750000&owner=1
D1444560,Toyota Innova 2.5 V 7 STR,17,172,770,688,/used/cars-in-chennai/toyota-innova-2005-2009-d1444560/,,1444560,Dealer,9,9.75L,975000,"95,230",95230,2009,10,Toyota,Innova,Innova [2005-2009],2.5 V 7 STR,innova-2005-2009,Beige,Diesel,,Manual,,0,,,2 month(s) ago,Kolathur-Cpt,Chennai,176,Tamil Nadu,/AutoBiz/Certifications/,First Owner ,1,False,False,42547.0,"₹ 42,547",Get Instant Loan Approval,,0,https://www.cartrade.com/used-car-finance-cw/D1444560/step1?makeid=17&modelid=770&mfgyear=2009&cityid=176&price=975000&owner=1&mfgmonth=10,17~Toyota,172~Innova~17~False,,15.7486000061035,,Car Selections,,https://imgd.aeplcdn.com/,/cw/ucp/stockApiImg/ITA8K9F_1161756_1_8720260.jpeg,600,,False,-1,1,6,6,,,0,,False,False,3.8,3,True,,2009-10-01T00:00:00,/used/valuation/report/?car=688&year=2009&city=176&askingPrice=975000&owner=1
D1430656,Toyota Fortuner 4x4 MT Limited Edition,17,135,245,3139,/used/cars-in-chennai/toyota-fortuner-2012-2016-d1430656/,,1430656,Dealer,7,13.75L,1375000,"1,10,000",110000,2011,6,Toyota,Fortuner,Fortuner [2012-2016],4x4 MT Limited Edition,fortuner-2012-2016,White,Diesel,,Manual,Excellent Condition,0,,,1 month(s) ago,Annanagar,Chennai,176,Tamil Nadu,,First Owner ,1,False,False,56669.0,"₹ 56,669",Get Instant Loan Approval,,0,https://www.cartrade.com/used-car-finance-cw/D1430656/step1?makeid=17&modelid=245&mfgyear=2011&cityid=176&price=1375000&owner=1&mfgmonth=6,17~Toyota,135~Fortuner~17~False,,15.7375001907349,,New Zain Cars,,https://imgd.aeplcdn.com/,/cw/ucp/stockApiImg/79JEH5K_1150837_1_8618272.jpeg,0,,False,-1,10,10,6,,,0,,False,False,,20,True,,2011-06-01T00:00:00,/used/valuation/report/?car=3139&year=2011&city=176&askingPrice=1375000&owner=1
D1485404,Toyota Corolla Altis G Diesel,17,353,214,3478,/used/cars-in-chennai/toyota-corolla-altis-2011-2014-d1485404/,,1485404,Dealer,9,7.90L,790000,"42,593",42593,2013,7,Toyota,Corolla Altis,Corolla Altis [2011-2014],G Diesel,corolla-altis-2011-2014,Gold,Diesel,,Manual,Good,0,,,4 day(s) ago,Adambakkam,Chennai,176,Tamil Nadu,/AutoBiz/Certifications/,Second Owner ,2,False,False,15975.0,"₹ 15,975",Get Instant Loan Approval,,0,https://www.cartrade.com/used-car-finance-cw/D1485404/step1?makeid=17&modelid=214&mfgyear=2013&cityid=176&price=790000&owner=2&mfgmonth=7,17~Toyota,353~Corolla Altis~17~False,,11.7546997070312,,Sakthi Cars,,https://imgd.aeplcdn.com/,/cw/ucp/stockApiImg/96FGFXU_1209038_1_9188222.jpeg,600,,False,-1,8,8,1,,,0,,True,False,4.0,4,True,,2013-07-01T00:00:00,/used/valuation/report/?car=3478&year=2013&city=176&askingPrice=790000&owner=2
D1481468,Toyota Innova 2.5 GX 7 STR BS-III,17,172,59,3178,/used/cars-in-chennai/toyota-innova-2013-2014-d1481468/,,1481468,Dealer,9,13.75L,1375000,"63,000",63000,2014,10,Toyota,Innova,Innova [2013-2014],2.5 GX 7 STR BS-III,innova-2013-2014,Silver,Diesel,,Manual,,0,,,11 day(s) ago,Adambakkam,Chennai,176,Tamil Nadu,,First Owner ,1,False,False,27804.0,"₹ 27,804",Get Instant Loan Approval,,0,https://www.cartrade.com/used-car-finance-cw/D1481468/step1?makeid=17&modelid=59&mfgyear=2014&cityid=176&price=1375000&owner=1&mfgmonth=10,17~Toyota,172~Innova~17~False,,11.7399997711182,,Sakthi Cars,,https://imgd.aeplcdn.com/,/cw/ucp/stockApiImg/IM4NGZL_1206193_1_9159348.jpg,0,,False,-1,7,7,6,,,0,,True,False,,3,True,,2014-10-01T00:00:00,/used/valuation/report/?car=3178&year=2014&city=176&askingPrice=1375000&owner=1
D1477691,Toyota Innova 2.5 VX 8 STR BS-IV,17,172,769,1922,/used/cars-in-chennai/toyota-innova-2009-2012-d1477691/,,1477691,Dealer,8,11L,1100000,"1,19,000",119000,2011,6,Toyota,Innova,Innova [2009-2012],2.5 VX 8 STR BS-IV,innova-2009-2012,Grey,Diesel,,Manual,"Good Condition, Insurance up to 30-11-17 Full option & Single Owner",0,,,15 day(s) ago,Habibullah Road,Chennai,176,Tamil Nadu,,First Owner ,1,False,False,26022.0,"₹ 26,022",Get Instant Loan Approval,,0,https://www.cartrade.com/used-car-finance-cw/D1477691/step1?makeid=17&modelid=769&mfgyear=2011&cityid=176&price=1100000&owner=1&mfgmonth=6,17~Toyota,172~Innova~17~False,,11.726300239563,,Jains Car Shopee,,https://imgd.aeplcdn.com/,/cw/ucp/stockApiImg/GXGKUQP_1202218_1_9124086.jpeg,0,,False,-1,6,7,6,,,0,,True,False,,2,True,,2011-06-01T00:00:00,/used/valuation/report/?car=1922&year=2011&city=176&askingPrice=1100000&owner=1
D1479897,Toyota Innova 2.5 V 7 STR,17,172,770,688,/used/cars-in-chennai/toyota-innova-2005-2009-d1479897/,,1479897,Dealer,8,11L,1100000,"1,19,000",119000,2011,6,Toyota,Innova,Innova [2005-2009],2.5 V 7 STR,innova-2005-2009,Grey,Diesel,,Manual,good condition,0,,,14 day(s) ago,Ekkaduthangal,Chennai,176,Tamil Nadu,,First Owner ,1,False,False,26022.0,"₹ 26,022",Get Instant Loan Approval,,0,https://www.cartrade.com/used-car-finance-cw/D1479897/step1?makeid=17&modelid=770&mfgyear=2011&cityid=176&price=1100000&owner=1&mfgmonth=6,17~Toyota,172~Innova~17~False,,11.72350025177,,Jains Car Shopee,,https://imgd.aeplcdn.com/,/cw/ucp/stockApiImg/TKDBWQA_1204557_1_9142527.jpeg,0,,False,-1,1,6,6,,,0,,True,False,,0,True,,2011-06-01T00:00:00,/used/valuation/report/?car=688&year=2011&city=176&askingPrice=1100000&owner=1
D1487230,Toyota Innova 2.5 V 7 STR,17,172,770,688,/used/cars-in-chennai/toyota-innova-2005-2009-d1487230/,,1487230,Dealer,9,10.75L,1075000,"1,60,464",160464,2011,12,Toyota,Innova,Innova [2005-2009],2.5 V 7 STR,innova-2005-2009,Beige,Diesel,,Manual,,0,,,2 day(s) ago,Annanagar,Chennai,176,Tamil Nadu,,First Owner ,1,False,False,25430.0,"₹ 25,430",Get Instant Loan Approval,,0,https://www.cartrade.com/used-car-finance-cw/D1487230/step1?makeid=17&modelid=770&mfgyear=2011&cityid=176&price=1075000&owner=1&mfgmonth=12,17~Toyota,172~Innova~17~False,,11.7129001617432,,Eshwari Caars,,https://imgd.aeplcdn.com/,/cw/ucp/stockApiImg/GNMM2U9_1212486_1_9223013.jpeg,600,,False,-1,1,6,6,,,0,,True,False,3.9,0,True,,2011-12-01T00:00:00,/used/valuation/report/?car=688&year=2011&city=176&askingPrice=1075000&owner=1
D1488923,Toyota Fortuner 3.0 MT,17,135,767,1598,/used/cars-in-chennai/toyota-fortuner-2009-2012-d1488923/,,1488923,Dealer,9,12.10L,1210000,"1,18,911",118911,2010,3,Toyota,Fortuner,Fortuner [2009-2012],3.0 MT,fortuner-2009-2012,Grey,Diesel,,Manual,Good,0,,,16 hour(s) ago,Adambakkam,Chennai,176,Tamil Nadu,,First Owner ,1,False,False,0.0,,,,0,,17~Toyota,135~Fortuner~17~False,,11.7202997207642,,Sakthi Cars,,https://imgd.aeplcdn.com/,/cw/ucp/stockApiImg/44JSONX_1212628_1_9224842.jpeg,600,,False,-1,10,10,6,,,0,,True,False,4.0,0,False,,2010-03-01T00:00:00,/used/valuation/report/?car=1598&year=2010&city=176&askingPrice=1210000&owner=1
D1478086,Toyota Innova 2.5 V 7 STR,17,172,770,688,/used/cars-in-chennai/toyota-innova-2005-2009-d1478086/,,1478086,Dealer,2,8.10L,810000,"1,57,000",157000,2008,6,Toyota,Innova,Innova [2005-2009],2.5 V 7 STR,innova-2005-2009,Silver,Diesel,,Manual,"Good Condition, Insurance up to 28-05-2018 full option & Single Owner",0,,,15 day(s) ago,Habibullah Road,Chennai,176,Tamil Nadu,,First Owner ,1,False,False,0.0,,,,0,,17~Toyota,172~Innova~17~False,,11.685299873352,,Jains Car Shopee,,https://imgd.aeplcdn.com/,/cw/ucp/stockApiImg/Q3KCASN_1202643_1_9124068.jpeg,0,,False,-1,1,6,6,,,0,,True,False,,1,False,,2008-06-01T00:00:00,/used/valuation/report/?car=688&year=2008&city=176&askingPrice=810000&owner=1
D1479892,Toyota Innova 2.5 V 7 STR,17,172,770,688,/used/cars-in-chennai/toyota-innova-2005-2009-d1479892/,,1479892,Dealer,2,8.10L,810000,"1,57,000",157000,2008,6,Toyota,Innova,Innova [2005-2009],2.5 V 7 STR,innova-2005-2009,Silver,Diesel,,Manual,good condition,0,,,14 day(s) ago,Ekkaduthangal,Chennai,176,Tamil Nadu,,First Owner ,1,False,False,0.0,,,,0,,17~Toyota,172~Innova~17~False,,11.6824998855591,,Jains Car Shopee,,https://imgd.aeplcdn.com/,/cw/ucp/stockApiImg/H6MBQKQ_1204552_1_9142362.jpeg,0,,False,-1,1,6,6,,,0,,True,False,,0,False,,2008-06-01T00:00:00,/used/valuation/report/?car=688&year=2008&city=176&askingPrice=810000&owner=1
D1481658,Toyota Fortuner 3.0 MT,17,135,767,1598,/used/cars-in-chennai/toyota-fortuner-2009-2012-d1481658/,,1481658,Dealer,4,11.50L,1150000,"2,05,439",205439,2011,6,Toyota,Fortuner,Fortuner [2009-2012],3.0 MT,fortuner-2009-2012,Black,Diesel,,Manual,good condition,0,,,11 day(s) ago,Ashok Nagar,Chennai,176,Tamil Nadu,,First Owner ,1,False,False,47396.0,"₹ 47,396",Get Instant Loan Approval,,0,https://www.cartrade.com/used-car-finance-cw/D1481658/step1?makeid=17&modelid=767&mfgyear=2011&cityid=176&price=1150000&owner=1&mfgmonth=6,17~Toyota,135~Fortuner~17~False,,11.6588001251221,,Aara Cars,,https://imgd.aeplcdn.com/,/cw/ucp/stockApiImg/3UAXLSG_1206396_1_9161306.jpeg,0,,False,-1,10,10,6,,,0,,True,False,,2,True,,2011-06-01T00:00:00,/used/valuation/report/?car=1598&year=2011&city=176&askingPrice=1150000&owner=1
D1477034,Toyota Innova 2.5 GX 7 STR BS-III,17,172,59,3178,/used/cars-in-chennai/toyota-innova-2013-2014-d1477034/,,1477034,Dealer,9,13.25L,1325000,"5,54,477",554477,2014,12,Toyota,Innova,Innova [2013-2014],2.5 GX 7 STR BS-III,innova-2013-2014,Red,Diesel,,Manual,Good,0,,,15 day(s) ago,Annanagar East,Chennai,176,Tamil Nadu,/AutoBiz/Certifications/,First Owner ,1,False,False,26793.0,"₹ 26,793",Get Instant Loan Approval,,0,https://www.cartrade.com/used-car-finance-cw/D1477034/step1?makeid=17&modelid=59&mfgyear=2014&cityid=176&price=1325000&owner=1&mfgmonth=12,17~Toyota,172~Innova~17~False,,11.555100440979,,Jain Car Shoppe,,https://imgd.aeplcdn.com/,/cw/ucp/stockApiImg/2M785GU_1201566_1_9112490.jpeg,600,,False,-1,7,7,6,,,0,,True,False,3.9,0,True,,2014-12-01T00:00:00,/used/valuation/report/?car=3178&year=2014&city=176&askingPrice=1325000&owner=1
D1471913,Toyota Innova 2.5 V 7 STR,17,172,770,688,/used/cars-in-chennai/toyota-innova-2005-2009-d1471913/,,1471913,Dealer,9,15.95L,1595000,"13,937",13937,2014,3,Toyota,Innova,Innova [2005-2009],2.5 V 7 STR,innova-2005-2009,Gold,Diesel,,Manual,Good,0,,,22 day(s) ago,Medavakkam,Chennai,176,Tamil Nadu,/AutoBiz/Certifications/,First Owner ,1,False,False,32253.0,"₹ 32,253",Get Instant Loan Approval,,0,https://www.cartrade.com/used-car-finance-cw/D1471913/step1?makeid=17&modelid=770&mfgyear=2014&cityid=176&price=1595000&owner=1&mfgmonth=3,17~Toyota,172~Innova~17~False,,9.76539993286133,,Bright Choice,,https://imgd.aeplcdn.com/,/cw/ucp/stockApiImg/JNR43CV_1196185_1_9058375.jpeg,600,,False,-1,1,6,6,,,0,,False,False,4.1,6,True,,2014-03-01T00:00:00,/used/valuation/report/?car=688&year=2014&city=176&askingPrice=1595000&owner=1
D1482590,Toyota Innova 2.5 VX 8 STR BS-IV,17,172,59,3175,/used/cars-in-chennai/toyota-innova-2013-2014-d1482590/,,1482590,Dealer,9,15.25L,1525000,"38,875",38875,2014,11,Toyota,Innova,Innova [2013-2014],2.5 VX 8 STR BS-IV,innova-2013-2014,Grey,Diesel,,Manual,GOOD,0,,,10 day(s) ago,Annamalaipuram,Chennai,176,Tamil Nadu,/AutoBiz/Certifications/,First Owner ,1,False,False,30838.0,"₹ 30,838",Get Instant Loan Approval,,0,https://www.cartrade.com/used-car-finance-cw/D1482590/step1?makeid=17&modelid=59&mfgyear=2014&cityid=176&price=1525000&owner=1&mfgmonth=11,17~Toyota,172~Innova~17~False,,9.75870037078858,,Minisha Cars,,https://imgd.aeplcdn.com/,/cw/ucp/stockApiImg/U65ET8P_1207463_1_9171652.jpeg,600,,False,-1,7,7,6,,,0,,False,False,4.0,2,True,,2014-11-01T00:00:00,/used/valuation/report/?car=3175&year=2014&city=176&askingPrice=1525000&owner=1
D1480635,Toyota Fortuner 3.0 MT,17,135,767,1598,/used/cars-in-chennai/toyota-fortuner-2009-2012-d1480635/,,1480635,Dealer,8,12.95L,1295000,"63,000",63000,2010,6,Toyota,Fortuner,Fortuner [2009-2012],3.0 MT,fortuner-2009-2012,Silver,Diesel,,Manual,Very Good Condition,0,,,5 day(s) ago,Medavakkam,Chennai,176,Tamil Nadu,,Second Owner ,2,False,False,0.0,,,,0,,17~Toyota,135~Fortuner~17~False,,9.75,,Bright Choice,,https://imgd.aeplcdn.com/,/cw/ucp/stockApiImg/PJKV4TG_1205339_1_9150168.jpeg,0,,False,-1,10,10,6,,,0,,False,False,,4,False,,2010-06-01T00:00:00,/used/valuation/report/?car=1598&year=2010&city=176&askingPrice=1295000&owner=2
D1470904,Toyota Innova 2.5 G4 8 STR,17,172,770,686,/used/cars-in-chennai/toyota-innova-2005-2009-d1470904/,,1470904,Dealer,8,11.75L,1175000,"53,000",53000,2012,6,Toyota,Innova,Innova [2005-2009],2.5 G4 8 STR,innova-2005-2009,Grey,Diesel,,Manual,Good Condition,0,,,23 day(s) ago,Medavakkam,Chennai,176,Tamil Nadu,,First Owner ,1,False,False,23760.0,"₹ 23,760",Get Instant Loan Approval,,0,https://www.cartrade.com/used-car-finance-cw/D1470904/step1?makeid=17&modelid=770&mfgyear=2012&cityid=176&price=1175000&owner=1&mfgmonth=6,17~Toyota,172~Innova~17~False,,9.75520038604736,,Bright Choice,,https://imgd.aeplcdn.com/,/cw/ucp/stockApiImg/3NTRICU_1195047_1_9047853.jpeg,0,,False,-1,1,6,6,,,0,,False,False,,5,True,,2012-06-01T00:00:00,/used/valuation/report/?car=686&year=2012&city=176&askingPrice=1175000&owner=1
D1472079,Toyota Etios VD,17,122,765,2248,/used/cars-in-chennai/toyota-etios-2010-2013-d1472079/,,1472079,Dealer,9,5.15L,515000,"74,295",74295,2011,3,Toyota,Etios,Etios [2010-2013],VD,etios-2010-2013,Blue,Diesel,,Manual,Good,0,,,22 day(s) ago,Medavakkam,Chennai,176,Tamil Nadu,/AutoBiz/Certifications/,First Owner ,1,False,False,12183.0,"₹ 12,183",Get Instant Loan Approval,,0,https://www.cartrade.com/used-car-finance-cw/D1472079/step1?makeid=17&modelid=765&mfgyear=2011&cityid=176&price=515000&owner=1&mfgmonth=3,17~Toyota,122~Etios~17~False,,9.75469970703125,,Bright Choice,,https://imgd.aeplcdn.com/,/cw/ucp/stockApiImg/PN21I8X_1196369_1_9060117.jpeg,600,,False,-1,4,6,1,,,0,,False,False,4.0,3,True,,2011-03-01T00:00:00,/used/valuation/report/?car=2248&year=2011&city=176&askingPrice=515000&owner=1
D1484422,Toyota Fortuner 3.0 4x2 AT,17,135,245,2787,/used/cars-in-chennai/toyota-fortuner-2012-2016-d1484422/,,1484422,Dealer,9,25.50L,2550000,"31,218",31218,2015,3,Toyota,Fortuner,Fortuner [2012-2016],3.0 4x2 AT,fortuner-2012-2016,Silver,Diesel,,Automatic,Good,0,,,6 day(s) ago,Medavakkam,Chennai,176,Tamil Nadu,/AutoBiz/Certifications/,First Owner ,1,False,False,48531.0,"₹ 48,531",Get Instant Loan Approval,,0,https://www.cartrade.com/used-car-finance-cw/D1484422/step1?makeid=17&modelid=245&mfgyear=2015&cityid=176&price=2550000&owner=1&mfgmonth=3,17~Toyota,135~Fortuner~17~False,,9.74759960174561,,Bright Choice,,https://imgd.aeplcdn.com/,/cw/ucp/stockApiImg/YLI5D7O_1209433_1_9192081.jpeg,600,,False,-1,10,10,6,,,0,,False,False,4.0,4,True,,2015-03-01T00:00:00,/used/valuation/report/?car=2787&year=2015&city=176&askingPrice=2550000&owner=1
D1475704,Toyota Innova 2.5 G 7 STR BS-III,17,172,768,3447,/used/cars-in-chennai/toyota-innova-2012-2013-d1475704/,,1475704,Dealer,9,6.75L,675000,"1,37,031",137031,2007,3,Toyota,Innova,Innova [2012-2013],2.5 G 7 STR BS-III,innova-2012-2013,Maroon,Diesel,,Manual,GOOD,0,,,18 day(s) ago,Annamalaipuram,Chennai,176,Tamil Nadu,/AutoBiz/Certifications/,Second Owner ,2,False,False,0.0,,,,0,,17~Toyota,172~Innova~17~False,,9.73069953918457,,Minisha Cars,,https://imgd.aeplcdn.com/,/cw/ucp/stockApiImg/XAC4PMO_1200371_1_9099221.jpeg,600,,False,-1,7,7,6,,,0,,False,False,3.8,4,False,,2007-03-01T00:00:00,/used/valuation/report/?car=3447&year=2007&city=176&askingPrice=675000&owner=2
D1479690,Toyota Corolla H4 1.8G,17,88,56,179,/used/cars-in-chennai/toyota-corolla-d1479690/,,1479690,Dealer,2,2.25L,225000,"80,000",80000,2006,6,Toyota,Corolla,Corolla,H4 1.8G,corolla,Black,Petrol,,Automatic,excellent  and automatic transmission,0,,,11 day(s) ago,Thyagaraya Nagar H O,Chennai,176,Tamil Nadu,,Second Owner ,2,False,False,0.0,,,,0,,17~Toyota,88~Corolla~17~True,,9.72519969940186,,GT Reddy Cars,,https://imgd.aeplcdn.com/,/cw/ucp/stockApiImg/TPU7SJI_1200370_1_9099204.jpg,0,,False,-1,1,1,1,,,0,,False,False,,3,False,,2006-06-01T00:00:00,/used/valuation/report/?car=179&year=2006&city=176&askingPrice=225000&owner=2
D1478142,Toyota Innova 2.5 V 8 STR,17,172,770,163,/used/cars-in-chennai/toyota-innova-2005-2009-d1478142/,,1478142,Dealer,9,9.50L,950000,"1,50,609",150609,2010,6,Toyota,Innova,Innova [2005-2009],2.5 V 8 STR,innova-2005-2009,Gold,Diesel,,Manual,,0,,,12 day(s) ago,Tiruverkadu,Chennai,176,Tamil Nadu,,First Owner ,1,False,False,29639.0,"₹ 29,639",Get Instant Loan Approval,,0,https://www.cartrade.com/used-car-finance-cw/D1478142/step1?makeid=17&modelid=770&mfgyear=2010&cityid=176&price=950000&owner=1&mfgmonth=6,17~Toyota,172~Innova~17~False,,9.72469997406006,,Harsha Toyota ,,https://imgd.aeplcdn.com/,/cw/ucp/stockApiImg/1CBJ68M_1202714_1_9123720.jpeg,600,,False,-1,1,6,6,,,0,,False,False,4.0,3,True,,2010-06-01T00:00:00,/used/valuation/report/?car=163&year=2010&city=176&askingPrice=950000&owner=1
D1485663,Toyota Innova 2.5 G BS IV 8 STR,17,172,863,3863,/used/cars-in-chennai/toyota-innova-2015-2016-d1485663/,,1485663,Dealer,7,6.70L,670000,"1,20,221",120221,2008,5,Toyota,Innova,Innova [2015-2016],2.5 G BS IV 8 STR,innova-2015-2016,Green,Diesel,,Manual,,0,,,4 day(s) ago,Madras Air Port,Chennai,176,Tamil Nadu,,First Owner ,1,False,False,0.0,,,,0,,17~Toyota,172~Innova~17~False,,9.72669982910156,,Captial Honda,,https://imgd.aeplcdn.com/,/cw/ucp/stockApiImg/GPMSD1O_1210758_1_9205365.jpg,0,,False,-1,7,7,6,176,,0,,False,False,,0,False,,2008-05-01T00:00:00,/used/valuation/report/?car=3863&year=2008&city=176&askingPrice=670000&owner=1
